{
  "auc_pr": 0.6083,
  "auc_roc": 0.9339,
  "precision_at_0.5": 0.2563,
  "recall_at_0.5": 0.7888,
  "f1_at_0.5": 0.3869,
  "confusion_matrix": [
    [
      104515,
      9460
    ],
    [
      873,
      3260
    ]
  ],
  "precision_recall_curve": {
    "precision": [
      0.0349933958749619,
      0.03499369216049853,
      0.03499398845105244,
      0.03499428474662377,
      0.034994581047212626,
      0.03499487735281915,
      0.034995173663443464,
      0.034995469979085696,
      0.034995766299745976,
      0.03499606262542443,
      0.03499635895612119,
      0.03499665529183637,
      0.03499695163257011,
      0.034997247978322536,
      0.03499754432909377,
      0.03499784068488395,
      0.03499813704569319,
      0.034998433411521625,
      0.03499872978236938,
      0.034999026158236586,
      0.03499932253912336,
      0.03499961892502985,
      0.03499991531595617,
      0.03500021171190244,
      0.035000508112868804,
      0.03500080451885538,
      0.0350011009298623,
      0.03500139734588969,
      0.03500169376693767,
      0.03500199019300638,
      0.035002286624095935,
      0.035002583060206476,
      0.035002879501338124,
      0.035003175947491,
      0.03500347239866524,
      0.03500376885486098,
      0.035004065316078324,
      0.03500436178231742,
      0.03500465825357839,
      0.03500495472986135,
      0.03500525121116645,
      0.0350055476974938,
      0.035005844188843525,
      0.03500614068521577,
      0.03500643718661065,
      0.0350067336930283,
      0.03500703020446884,
      0.0350073267209324,
      0.03500762324241911,
      0.03500791976892909,
      0.03500821630046248,
      0.035008512837019404,
      0.03500880937859999,
      0.035009105925204356,
      0.03500940247683264,
      0.03500969903348496,
      0.03500999559516146,
      0.035010292161862244,
      0.035010588733587464,
      0.035010885310337234,
      0.035011181892111685,
      0.035011478478910944,
      0.035011775070735135,
      0.035012071667584396,
      0.035012368269458846,
      0.035012664876358617,
      0.03501296148828383,
      0.035013258105234625,
      0.03501355472721111,
      0.035013851354213435,
      0.035014147986241716,
      0.03501444462329609,
      0.03501474126537667,
      0.03501503791248359,
      0.03501533456461697,
      0.03501563122177696,
      0.03501592788396367,
      0.035016224551177234,
      0.03501652122341777,
      0.03501681790068543,
      0.03501711458298031,
      0.035017411270302556,
      0.0350177079626523,
      0.035018004660029654,
      0.03501830136243476,
      0.035018598069867735,
      0.03501889478232872,
      0.03501919149981783,
      0.0350194882223352,
      0.03501978494988095,
      0.03502008168245522,
      0.035020378420058125,
      0.03502067516268981,
      0.035020971910350376,
      0.03502126866303998,
      0.03502156542075873,
      0.03502186218350676,
      0.0350221589512842,
      0.03502245572409118,
      0.035022752501927816
    ],
    "recall": [
      1.0,
      1.0,
      1.0,
      1.0,
      1.0,
      1.0,
      1.0,
      1.0,
      1.0,
      1.0,
      1.0,
      1.0,
      1.0,
      1.0,
      1.0,
      1.0,
      1.0,
      1.0,
      1.0,
      1.0,
      1.0,
      1.0,
      1.0,
      1.0,
      1.0,
      1.0,
      1.0,
      1.0,
      1.0,
      1.0,
      1.0,
      1.0,
      1.0,
      1.0,
      1.0,
      1.0,
      1.0,
      1.0,
      1.0,
      1.0,
      1.0,
      1.0,
      1.0,
      1.0,
      1.0,
      1.0,
      1.0,
      1.0,
      1.0,
      1.0,
      1.0,
      1.0,
      1.0,
      1.0,
      1.0,
      1.0,
      1.0,
      1.0,
      1.0,
      1.0,
      1.0,
      1.0,
      1.0,
      1.0,
      1.0,
      1.0,
      1.0,
      1.0,
      1.0,
      1.0,
      1.0,
      1.0,
      1.0,
      1.0,
      1.0,
      1.0,
      1.0,
      1.0,
      1.0,
      1.0,
      1.0,
      1.0,
      1.0,
      1.0,
      1.0,
      1.0,
      1.0,
      1.0,
      1.0,
      1.0,
      1.0,
      1.0,
      1.0,
      1.0,
      1.0,
      1.0,
      1.0,
      1.0,
      1.0,
      1.0
    ]
  },
  "classification_report": {
    "0": {
      "precision": 0.9917163244392151,
      "recall": 0.9169993419609563,
      "f1-score": 0.9528954290377137,
      "support": 113975.0
    },
    "1": {
      "precision": 0.2562893081761006,
      "recall": 0.7887732881684006,
      "f1-score": 0.38687474040230224,
      "support": 4133.0
    },
    "accuracy": 0.9125122768991093,
    "macro avg": {
      "precision": 0.6240028163076579,
      "recall": 0.8528863150646785,
      "f1-score": 0.669885084720008,
      "support": 118108.0
    },
    "weighted avg": {
      "precision": 0.9659812357219779,
      "recall": 0.9125122768991093,
      "f1-score": 0.9330884430068763,
      "support": 118108.0
    }
  }
}